<?xml version="1.0" encoding="UTF-8"?>
<project-private xmlns="http://www.netbeans.org/ns/project-private/1">
    <editor-bookmarks xmlns="http://www.netbeans.org/ns/editor-bookmarks/2" lastBookmarkId="0"/>
    <open-files xmlns="http://www.netbeans.org/ns/projectui-open-files/2">
        <group>
            <file>file:/C:/Users/S528737/Documents/NetBeansProjects/Dara_Takehomeassignment/src/takehome/Driver.java</file>
            <file>file:/C:/Users/S528737/Documents/NetBeansProjects/Dara_Takehomeassignment/src/takehome/Dara_Takehomeas.java</file>
        </group>
    </open-files>
</project-private>
