<?xml version="1.0" encoding="UTF-8"?>
<project-private xmlns="http://www.netbeans.org/ns/project-private/1">
    <editor-bookmarks xmlns="http://www.netbeans.org/ns/editor-bookmarks/2" lastBookmarkId="0"/>
    <open-files xmlns="http://www.netbeans.org/ns/projectui-open-files/2">
        <group>
            <file>file:/C:/Users/S528737/Documents/NetBeansProjects/Dara_lab06InheritanceAndPolymorphism/src/electronicdevices/AndroidDevices.java</file>
            <file>file:/C:/Users/S528737/Documents/NetBeansProjects/Dara_lab06InheritanceAndPolymorphism/src/electronicdevices/WashingMachine.java</file>
            <file>file:/C:/Users/S528737/Documents/NetBeansProjects/Dara_lab06InheritanceAndPolymorphism/src/electronicdevices/Gadgets.java</file>
            <file>file:/C:/Users/S528737/Documents/NetBeansProjects/Dara_lab06InheritanceAndPolymorphism/src/electronicdevices/ElectronicDevices.java</file>
            <file>file:/C:/Users/S528737/Documents/NetBeansProjects/Dara_lab06InheritanceAndPolymorphism/src/electronicdevices/Oven.java</file>
            <file>file:/C:/Users/S528737/Documents/NetBeansProjects/Dara_lab06InheritanceAndPolymorphism/src/electronicdevices/HouseholdDevices.java</file>
            <file>file:/C:/Users/S528737/Documents/NetBeansProjects/Dara_lab06InheritanceAndPolymorphism/src/electronicdevices/ElectronicsDriver.java</file>
            <file>file:/C:/Users/S528737/Documents/NetBeansProjects/Dara_lab06InheritanceAndPolymorphism/src/electronicdevices/IOSDevices.java</file>
        </group>
    </open-files>
</project-private>
