<?xml version="1.0" encoding="UTF-8"?>
<project-private xmlns="http://www.netbeans.org/ns/project-private/1">
    <editor-bookmarks xmlns="http://www.netbeans.org/ns/editor-bookmarks/2" lastBookmarkId="0"/>
    <open-files xmlns="http://www.netbeans.org/ns/projectui-open-files/2">
        <group>
            <file>file:/C:/Users/S528737/Documents/NetBeansProjects/Dara_Lab08Exceptions/src/hospital/Hospital.java</file>
            <file>file:/C:/Users/S528737/Documents/NetBeansProjects/Dara_Lab08Exceptions/src/hospital/Insurance.java</file>
            <file>file:/C:/Users/S528737/Documents/NetBeansProjects/Dara_Lab08Exceptions/src/hospital/Doctor.java</file>
            <file>file:/C:/Users/S528737/Documents/NetBeansProjects/Dara_Lab08Exceptions/src/hospital/ChildWard.java</file>
            <file>file:/C:/Users/S528737/Documents/NetBeansProjects/Dara_Lab08Exceptions/src/hospital/ChildInsurance.java</file>
            <file>file:/C:/Users/S528737/Documents/NetBeansProjects/Dara_Lab08Exceptions/src/hospital/InvalidInsuranceIDException.java</file>
            <file>file:/C:/Users/S528737/Documents/NetBeansProjects/Dara_Lab08Exceptions/src/hospital/NegativeAmountException.java</file>
            <file>file:/C:/Users/S528737/Documents/NetBeansProjects/Dara_Lab08Exceptions/src/hospital/AbstractInsurance.java</file>
            <file>file:/C:/Users/S528737/Documents/NetBeansProjects/Dara_Lab08Exceptions/src/hospital/Patient.java</file>
            <file>file:/C:/Users/S528737/Documents/NetBeansProjects/Dara_Lab08Exceptions/src/hospital/HospitalDriver.java</file>
            <file>file:/C:/Users/S528737/Documents/NetBeansProjects/Dara_Lab08Exceptions/src/hospital/MaternityWard.java</file>
            <file>file:/C:/Users/S528737/Documents/NetBeansProjects/Dara_Lab08Exceptions/src/hospital/SpecialistNotFoundException.java</file>
            <file>file:/C:/Users/S528737/Documents/NetBeansProjects/Dara_Lab08Exceptions/src/hospital/AbstractHospitalInfo.java</file>
            <file>file:/C:/Users/S528737/Documents/NetBeansProjects/Dara_Lab08Exceptions/src/hospital/AdultInsurance.java</file>
            <file>file:/C:/Users/S528737/Documents/NetBeansProjects/Dara_Lab08Exceptions/src/hospital/InvalidDoctorSizeException.java</file>
        </group>
    </open-files>
</project-private>
